{
  "resources": [
    "sfx.ogg",
    "sfx.m4a",
    "sfx.mp3",
    "sfx.ac3"
  ],
  "spritemap": {
    "laser1": {
      "start": 0,
      "end": 1.6268480725623582,
      "loop": false
    },
    "laser2": {
      "start": 3,
      "end": 4.821315192743764,
      "loop": false
    },
    "laser3": {
      "start": 6,
      "end": 7.911292517006803,
      "loop": false
    },
    "laser4": {
      "start": 9,
      "end": 10.754557823129252,
      "loop": false
    },
    "laser5": {
      "start": 12,
      "end": 14.189931972789115,
      "loop": false
    },
    "laser6": {
      "start": 16,
      "end": 17.278548752834467,
      "loop": false
    },
    "laser7": {
      "start": 19,
      "end": 20.30467120181406,
      "loop": false
    },
    "laser8": {
      "start": 22,
      "end": 23.51655328798186,
      "loop": false
    },
    "laser9": {
      "start": 25,
      "end": 26.287256235827666,
      "loop": false
    }
  }
}